{"cameraMode":{"drawMode":0,"name":"Shaded","section":"Shading Mode"},"sceneLighting":false,"audioPlay":false,"sceneViewState":{"showFog":true,"showMaterialUpdate":false,"showSkybox":false,"showFlares":true,"showImageEffects":true,"showParticleSystems":true},"in2DMode":false,"pivot":{"x":-5.570996284484863,"y":-1.247572898864746,"z":-3.082995891571045},"rotation":{"x":0.011595034971833229,"y":-0.9218498468399048,"z":0.02766379900276661,"w":0.38638558983802798},"size":15.16213607788086,"orthographic":false}