{"cameraMode":{"drawMode":0,"name":"Shaded","section":"Shading Mode"},"sceneLighting":false,"audioPlay":false,"sceneViewState":{"showFog":true,"showMaterialUpdate":false,"showSkybox":false,"showFlares":true,"showImageEffects":true,"showParticleSystems":true},"in2DMode":false,"pivot":{"x":-3.3372488021850588,"y":-1.032848834991455,"z":-2.309906244277954},"rotation":{"x":0.28613442182540896,"y":-0.3446011245250702,"z":0.11114583909511566,"w":0.8871445655822754},"size":10.386849403381348,"orthographic":true}