{"cameraMode":{"drawMode":0,"name":"Shaded","section":"Shading Mode"},"sceneLighting":false,"audioPlay":false,"sceneViewState":{"showFog":true,"showMaterialUpdate":false,"showSkybox":false,"showFlares":true,"showImageEffects":true,"showParticleSystems":true},"in2DMode":false,"pivot":{"x":-15.303383827209473,"y":16.554954528808595,"z":-16.919788360595704},"rotation":{"x":0.003923199605196714,"y":0.4897401034832001,"z":0.0022039865143597128,"w":-0.8718580603599548},"size":20.789718627929689,"orthographic":false}