{"cameraMode":{"drawMode":0,"name":"Shaded","section":"Shading Mode"},"sceneLighting":false,"audioPlay":false,"sceneViewState":{"showFog":true,"showMaterialUpdate":false,"showSkybox":false,"showFlares":true,"showImageEffects":true,"showParticleSystems":true},"in2DMode":false,"pivot":{"x":-36.81719970703125,"y":-7.589934349060059,"z":13.516347885131836},"rotation":{"x":0.24827998876571656,"y":-0.5074818730354309,"z":0.1554882526397705,"w":0.8103381395339966},"size":52.28030014038086,"orthographic":false}