{"cameraMode":{"drawMode":0,"name":"Shaded","section":"Shading Mode"},"sceneLighting":true,"audioPlay":false,"sceneViewState":{"showFog":true,"showMaterialUpdate":false,"showSkybox":true,"showFlares":true,"showImageEffects":true,"showParticleSystems":true},"in2DMode":false,"pivot":{"x":-7.551213264465332,"y":1.223010540008545,"z":27.347875595092775},"rotation":{"x":-0.05487332493066788,"y":0.17933765053749085,"z":-0.010019177570939064,"w":-0.9822052121162415},"size":29.97943687438965,"orthographic":false}