{"cameraMode":{"drawMode":0,"name":"Shaded","section":"Shading Mode"},"sceneLighting":false,"audioPlay":false,"sceneViewState":{"showFog":true,"showMaterialUpdate":false,"showSkybox":false,"showFlares":true,"showImageEffects":true,"showParticleSystems":true},"in2DMode":false,"pivot":{"x":-12.081153869628907,"y":4.176407814025879,"z":5.831533908843994},"rotation":{"x":0.10274661332368851,"y":-0.4764065444469452,"z":0.05960845947265625,"w":0.8711643815040588},"size":22.808095932006837,"orthographic":false}