{"cameraMode":{"drawMode":0,"name":"Shaded","section":"Shading Mode"},"sceneLighting":false,"audioPlay":false,"sceneViewState":{"showFog":true,"showMaterialUpdate":false,"showSkybox":false,"showFlares":true,"showImageEffects":true,"showParticleSystems":true},"in2DMode":false,"pivot":{"x":2.8012659549713136,"y":1.617951512336731,"z":1.9265127182006837},"rotation":{"x":0.08832652866840363,"y":0.3169715106487274,"z":-0.029662620276212693,"w":0.9438470005989075},"size":17.514240264892579,"orthographic":false}