{"cameraMode":{"drawMode":0,"name":"Shaded","section":"Shading Mode"},"sceneLighting":false,"audioPlay":false,"sceneViewState":{"showFog":true,"showMaterialUpdate":false,"showSkybox":false,"showFlares":true,"showImageEffects":true,"showParticleSystems":true},"in2DMode":false,"pivot":{"x":8.969804763793946,"y":9.880044937133789,"z":6.795073509216309},"rotation":{"x":-0.12024152278900147,"y":0.8436924815177918,"z":-0.21211661398410798,"w":-0.4782596528530121},"size":1.8101062774658204,"orthographic":false}