{"cameraMode":{"drawMode":0,"name":"Shaded","section":"Shading Mode"},"sceneLighting":false,"audioPlay":false,"sceneViewState":{"showFog":true,"showMaterialUpdate":false,"showSkybox":false,"showFlares":true,"showImageEffects":true,"showParticleSystems":true},"in2DMode":false,"pivot":{"x":2.3591103553771974,"y":7.8246870040893559,"z":4.118293762207031},"rotation":{"x":-0.1275988072156906,"y":0.4190923869609833,"z":-0.05961901322007179,"w":-0.8969540596008301},"size":14.686765670776368,"orthographic":false}