{"cameraMode":{"drawMode":0,"name":"Shaded","section":"Shading Mode"},"sceneLighting":false,"audioPlay":false,"sceneViewState":{"showFog":true,"showMaterialUpdate":false,"showSkybox":false,"showFlares":true,"showImageEffects":true,"showParticleSystems":true},"in2DMode":false,"pivot":{"x":-1.2501754760742188,"y":1.5478286743164063,"z":5.489738464355469},"rotation":{"x":0.08821820467710495,"y":0.8326514959335327,"z":-0.13891319930553437,"w":0.528783917427063},"size":11.452057838439942,"orthographic":false}