{"cameraMode":{"drawMode":0,"name":"Shaded","section":"Shading Mode"},"sceneLighting":false,"audioPlay":false,"sceneViewState":{"showFog":true,"showMaterialUpdate":false,"showSkybox":false,"showFlares":true,"showImageEffects":true,"showParticleSystems":true},"in2DMode":false,"pivot":{"x":1.3140239715576172,"y":1.125466227531433,"z":3.704899787902832},"rotation":{"x":0.13773737847805024,"y":-0.3269187808036804,"z":0.051425982266664508,"w":0.9335463643074036},"size":15.973426818847657,"orthographic":false}