{"cameraMode":{"drawMode":0,"name":"Shaded","section":"Shading Mode"},"sceneLighting":false,"audioPlay":false,"sceneViewState":{"showFog":true,"showMaterialUpdate":false,"showSkybox":false,"showFlares":true,"showImageEffects":true,"showParticleSystems":true},"in2DMode":false,"pivot":{"x":4.3205437660217289,"y":2.767702341079712,"z":1.7821059226989747},"rotation":{"x":0.14857393503189088,"y":-0.2813352048397064,"z":0.047291938215494159,"w":0.9468589425086975},"size":8.660256385803223,"orthographic":false}