{"cameraMode":{"drawMode":0,"name":"Shaded","section":"Shading Mode"},"sceneLighting":false,"audioPlay":false,"sceneViewState":{"showFog":true,"showMaterialUpdate":false,"showSkybox":false,"showFlares":true,"showImageEffects":true,"showParticleSystems":true},"in2DMode":false,"pivot":{"x":2.439518928527832,"y":10.307558059692383,"z":1.0507168769836426},"rotation":{"x":0.09897223860025406,"y":-0.3146757185459137,"z":0.03617361932992935,"w":0.9433323740959168},"size":13.449110984802246,"orthographic":false}