{"cameraMode":{"drawMode":0,"name":"Shaded","section":"Shading Mode"},"sceneLighting":false,"audioPlay":false,"sceneViewState":{"showFog":true,"showMaterialUpdate":false,"showSkybox":false,"showFlares":true,"showImageEffects":true,"showParticleSystems":true},"in2DMode":false,"pivot":{"x":-6.257078170776367,"y":0.7795815467834473,"z":-8.451861381530762},"rotation":{"x":0.0922255888581276,"y":-0.43214285373687746,"z":0.04781661182641983,"w":0.895801842212677},"size":12.315753936767579,"orthographic":false}