{"cameraMode":{"drawMode":0,"name":"Shaded","section":"Shading Mode"},"sceneLighting":false,"audioPlay":false,"sceneViewState":{"showFog":true,"showMaterialUpdate":false,"showSkybox":false,"showFlares":true,"showImageEffects":true,"showParticleSystems":true},"in2DMode":false,"pivot":{"x":6.435451030731201,"y":5.06953239440918,"z":3.6281213760375978},"rotation":{"x":0.13624879717826844,"y":-0.3017387092113495,"z":0.046783823519945148,"w":0.942444920539856},"size":13.367573738098145,"orthographic":false}